<ImportExportXml xmlns:xsi="http://www.w3.org/2001/XMLSchema-instance" OrganizationVersion="9.2.25022.204" OrganizationSchemaType="Standard" CRMServerServiceabilityVersion="9.2.25022.00204">
  <Entities></Entities>
  <Roles></Roles>
  <Workflows></Workflows>
  <FieldSecurityProfiles></FieldSecurityProfiles>
  <Templates />
  <EntityMaps />
  <EntityRelationships />
  <OrganizationSettings />
  <optionsets />
  <CustomControls />
  <EntityDataProviders />
  <Connectors>
    <Connector>
      <connectorid>5629fa76-e193-496c-a342-1cf2bd4f4258</connectorid>
      <description>This connector provides custom actions to retrieve and process Azure IP ranges and service tag information, including generating IP rules and reducing CIDR blocks.</description>
      <displayname>Azure IP Ranges-Service Tags</displayname>
      <iconbrandcolor>#da3b01</iconbrandcolor>
      <name>raw_azure-20ip-20ranges-2dservice-20tags</name>
      <connectortype>1</connectortype>
      <scriptoperations>[]</scriptoperations>
      <openapidefinition>/Connector/raw_azure-20ip-20ranges-2dservice-20tags_openapidefinition.json</openapidefinition>
      <connectionparameters>/Connector/raw_azure-20ip-20ranges-2dservice-20tags_connectionparameters.json</connectionparameters>
      <policytemplateinstances>/Connector/raw_azure-20ip-20ranges-2dservice-20tags_policytemplateinstances.json</policytemplateinstances>
      <customcodeblobcontent>/Connector/raw_azure-20ip-20ranges-2dservice-20tags_customcodeblobcontent.csx</customcodeblobcontent>
      <iconblob>/Connector/raw_azure-20ip-20ranges-2dservice-20tags_iconblob.Png</iconblob>
    </Connector>
  </Connectors>
  <Languages>
    <Language>1033</Language>
  </Languages>
</ImportExportXml>